"","tffam","enzloc","pval"
"1","bHLH","ACO_cytosol",0.859326165783759
"2","MYB","ACO_cytosol",0.383382796132608
"3","E2F-DP","ACO_cytosol",1
"4","AP2-EREBP","ACO_cytosol",0.962379254972428
"5","Trihelix","ACO_cytosol",1
"6","ARID","ACO_cytosol",0.343535004452437
"7","C2H2","ACO_cytosol",0.533637384833969
"8","GeBP","ACO_cytosol",0.676474856657384
"9","NAC","ACO_cytosol",0.48105498477125
"10","C2C2-Gata","ACO_cytosol",1
"11","bZIP","ACO_cytosol",0.684227340912745
"12","EIL","ACO_cytosol",0.295698429664778
"13","LBD","ACO_cytosol",0.29499396201303
"14","MADS","ACO_cytosol",0.254206899904719
"15","TCP","ACO_cytosol",1
"16","SBP","ACO_cytosol",1
"17","G2-like","ACO_cytosol",0.830001927848976
"18","C3H","ACO_cytosol",0.445039915013854
"19","CPP","ACO_cytosol",1
"20","GRF","ACO_cytosol",1
"21","REM","ACO_cytosol",1
"22","Homeobox","ACO_cytosol",0.615051099405218
"23","PHD","ACO_cytosol",0.0675675675675675
"24","C2C2-Dof","ACO_cytosol",0.80376035451372
"25","WRKY","ACO_cytosol",0.48105498477125
"26","CCAAT-DR1","ACO_cytosol",1
"27","ARF","ACO_cytosol",0.53870564187739
"28","RAV","ACO_cytosol",1
"29","NLP","ACO_cytosol",1
"30","ARR-B","ACO_cytosol",1
"31","ZF-HD","ACO_cytosol",1
"32","Whirly","ACO_cytosol",1
"33","BBR/BPC","ACO_cytosol",0.343535004452437
"34","MYB-related","ACO_cytosol",0.114199323401457
"35","GRAS","ACO_cytosol",0.570234698952016
"36","BZR","ACO_cytosol",0.295698429664778
"37","Alfin-like","ACO_cytosol",1
"38","HSF","ACO_cytosol",0.343535004452437
"39","CAMTA","ACO_cytosol",1
"40","VOZ","ACO_cytosol",1
"41","CCAAT-HAP3","ACO_cytosol",1
"42","CCAAT-HAP5","ACO_cytosol",0.388169130718746
"43","C2C2-CO-like","ACO_cytosol",0.0246937732753147
"44","C2C2-YABBY","ACO_cytosol",1
"45","ABI3VP1","ACO_cytosol",1
"46","CCAAT-HAP2","ACO_cytosol",1
"47","TUB","ACO_cytosol",0.0675675675675675
"48","ZIM","ACO_cytosol",1
"49","bHLH","ACO_mitochondrion",0.798894705521843
"50","MYB","ACO_mitochondrion",0.929730043299745
"51","E2F-DP","ACO_mitochondrion",0.395600996017229
"52","AP2-EREBP","ACO_mitochondrion",0.995670485871093
"53","Trihelix","ACO_mitochondrion",0.78530625337739
"54","ARID","ACO_mitochondrion",0.780004750746161
"55","C2H2","ACO_mitochondrion",0.208766311062778
"56","GeBP","ACO_mitochondrion",0.272235519738607
"57","NAC","ACO_mitochondrion",0.949736169490347
"58","C2C2-Gata","ACO_mitochondrion",0.00831848514265113
"59","bZIP","ACO_mitochondrion",0.80425705971302
"60","EIL","ACO_mitochondrion",0.309122938258575
"61","LBD","ACO_mitochondrion",0.122124209908862
"62","MADS","ACO_mitochondrion",0.10060210164894
"63","TCP","ACO_mitochondrion",0.89723209650072
"64","SBP","ACO_mitochondrion",0.867512729813091
"65","G2-like","ACO_mitochondrion",0.998307039362494
"66","C3H","ACO_mitochondrion",0.198281751969351
"67","CPP","ACO_mitochondrion",1
"68","GRF","ACO_mitochondrion",0.635137692862026
"69","REM","ACO_mitochondrion",0.829250549219301
"70","Homeobox","ACO_mitochondrion",0.995416767086122
"71","PHD","ACO_mitochondrion",0.222453222453223
"72","C2C2-Dof","ACO_mitochondrion",0.997159212695325
"73","WRKY","ACO_mitochondrion",0.777254825068255
"74","CCAAT-DR1","ACO_mitochondrion",1
"75","ARF","ACO_mitochondrion",0.741171812276787
"76","RAV","ACO_mitochondrion",0.689539565399343
"77","NLP","ACO_mitochondrion",1
"78","ARR-B","ACO_mitochondrion",0.780004750746161
"79","ZF-HD","ACO_mitochondrion",0.96290890727988
"80","Whirly","ACO_mitochondrion",1
"81","BBR/BPC","ACO_mitochondrion",0.780004750746161
"82","MYB-related","ACO_mitochondrion",0.90168995690973
"83","GRAS","ACO_mitochondrion",0.78530625337739
"84","BZR","ACO_mitochondrion",0.716641381512888
"85","Alfin-like","ACO_mitochondrion",1
"86","HSF","ACO_mitochondrion",0.780004750746161
"87","CAMTA","ACO_mitochondrion",1
"88","VOZ","ACO_mitochondrion",1
"89","CCAAT-HAP3","ACO_mitochondrion",0.635137692862026
"90","CCAAT-HAP5","ACO_mitochondrion",0.188060973944532
"91","C2C2-CO-like","ACO_mitochondrion",0.21591335070081
"92","C2C2-YABBY","ACO_mitochondrion",1
"93","ABI3VP1","ACO_mitochondrion",0.395600996017229
"94","CCAAT-HAP2","ACO_mitochondrion",0.126139773408244
"95","TUB","ACO_mitochondrion",0.222453222453223
"96","ZIM","ACO_mitochondrion",1
"97","bHLH","CSY_mitochondrion",0.981777789893554
"98","MYB","CSY_mitochondrion",0.0204751310909282
"99","E2F-DP","CSY_mitochondrion",1
"100","AP2-EREBP","CSY_mitochondrion",0.026327291636498
"101","Trihelix","CSY_mitochondrion",0.000186948815025521
"102","ARID","CSY_mitochondrion",0.00987545443234138
"103","C2H2","CSY_mitochondrion",0.716931766332042
"104","GeBP","CSY_mitochondrion",0.00257342693213045
"105","NAC","CSY_mitochondrion",0.105699142408384
"106","C2C2-Gata","CSY_mitochondrion",0.735275410842927
"107","bZIP","CSY_mitochondrion",0.224146201942867
"108","EIL","CSY_mitochondrion",1
"109","LBD","CSY_mitochondrion",0.0118918090033223
"110","MADS","CSY_mitochondrion",0.48061910887119
"111","TCP","CSY_mitochondrion",1
"112","SBP","CSY_mitochondrion",0.783794974346001
"113","G2-like","CSY_mitochondrion",0.655788556790886
"114","C3H","CSY_mitochondrion",0.985679724955892
"115","CPP","CSY_mitochondrion",0.435984387743623
"116","GRF","CSY_mitochondrion",1
"117","REM","CSY_mitochondrion",0.349752601731685
"118","Homeobox","CSY_mitochondrion",0.79402933404256
"119","PHD","CSY_mitochondrion",0.173596673596673
"120","C2C2-Dof","CSY_mitochondrion",0.988223858926494
"121","WRKY","CSY_mitochondrion",0.999390951408055
"122","CCAAT-DR1","CSY_mitochondrion",1
"123","ARF","CSY_mitochondrion",0.594848429352861
"124","RAV","CSY_mitochondrion",0.540349640277645
"125","NLP","CSY_mitochondrion",1
"126","ARR-B","CSY_mitochondrion",0.682514549160108
"127","ZF-HD","CSY_mitochondrion",1
"128","Whirly","CSY_mitochondrion",1
"129","BBR/BPC","CSY_mitochondrion",0.279830471006219
"130","MYB-related","CSY_mitochondrion",0.55165883803814
"131","GRAS","CSY_mitochondrion",1
"132","BZR","CSY_mitochondrion",0.61540053613446
"133","Alfin-like","CSY_mitochondrion",1
"134","HSF","CSY_mitochondrion",1
"135","CAMTA","CSY_mitochondrion",1
"136","VOZ","CSY_mitochondrion",1
"137","CCAAT-HAP3","CSY_mitochondrion",0.534201913548435
"138","CCAAT-HAP5","CSY_mitochondrion",1
"139","C2C2-CO-like","CSY_mitochondrion",1
"140","C2C2-YABBY","CSY_mitochondrion",1
"141","ABI3VP1","CSY_mitochondrion",1
"142","CCAAT-HAP2","CSY_mitochondrion",0.435984387743623
"143","TUB","CSY_mitochondrion",1
"144","ZIM","CSY_mitochondrion",1
"145","bHLH","CSY_peroxisome",0.803649195901925
"146","MYB","CSY_peroxisome",0.998650490274671
"147","E2F-DP","CSY_peroxisome",1
"148","AP2-EREBP","CSY_peroxisome",0.694592767999295
"149","Trihelix","CSY_peroxisome",0.00534577769187181
"150","ARID","CSY_peroxisome",0.051835509849295
"151","C2H2","CSY_peroxisome",0.806789403355531
"152","GeBP","CSY_peroxisome",0.00123616036198575
"153","NAC","CSY_peroxisome",0.228974039690205
"154","C2C2-Gata","CSY_peroxisome",1
"155","bZIP","CSY_peroxisome",0.0102152395538539
"156","EIL","CSY_peroxisome",1
"157","LBD","CSY_peroxisome",0.00648078435214266
"158","MADS","CSY_peroxisome",1
"159","TCP","CSY_peroxisome",5.4029931201597e-05
"160","SBP","CSY_peroxisome",0.361710459849203
"161","G2-like","CSY_peroxisome",0.774756295036774
"162","C3H","CSY_peroxisome",0.881300141082496
"163","CPP","CSY_peroxisome",0.065072927325789
"164","GRF","CSY_peroxisome",0.4929834637166
"165","REM","CSY_peroxisome",0.299916805921621
"166","Homeobox","CSY_peroxisome",0.96167878479467
"167","PHD","CSY_peroxisome",0.155925155925156
"168","C2C2-Dof","CSY_peroxisome",0.896477390735272
"169","WRKY","CSY_peroxisome",0.988410420061327
"170","CCAAT-DR1","CSY_peroxisome",0.287674611295839
"171","ARF","CSY_peroxisome",0.238651511794029
"172","RAV","CSY_peroxisome",1
"173","NLP","CSY_peroxisome",0.4929834637166
"174","ARR-B","CSY_peroxisome",1
"175","ZF-HD","CSY_peroxisome",0.130217015418967
"176","Whirly","CSY_peroxisome",1
"177","BBR/BPC","CSY_peroxisome",0.237237103849563
"178","MYB-related","CSY_peroxisome",0.838405688176695
"179","GRAS","CSY_peroxisome",0.870872432847493
"180","BZR","CSY_peroxisome",0.572370186516715
"181","Alfin-like","CSY_peroxisome",1
"182","HSF","CSY_peroxisome",0.639396803050145
"183","CAMTA","CSY_peroxisome",1
"184","VOZ","CSY_peroxisome",1
"185","CCAAT-HAP3","CSY_peroxisome",0.116951421973658
"186","CCAAT-HAP5","CSY_peroxisome",1
"187","C2C2-CO-like","CSY_peroxisome",1
"188","C2C2-YABBY","CSY_peroxisome",1
"189","ABI3VP1","CSY_peroxisome",0.287674611295839
"190","CCAAT-HAP2","CSY_peroxisome",1
"191","TUB","CSY_peroxisome",1
"192","ZIM","CSY_peroxisome",1
"193","bHLH","FUM_cytosol",1
"194","MYB","FUM_cytosol",1
"195","E2F-DP","FUM_cytosol",1
"196","AP2-EREBP","FUM_cytosol",0.952795608719483
"197","Trihelix","FUM_cytosol",0.0818059292288852
"198","ARID","FUM_cytosol",0.220398752422574
"199","C2H2","FUM_cytosol",0.0606333549075531
"200","GeBP","FUM_cytosol",0.487006806437588
"201","NAC","FUM_cytosol",0.798981922729203
"202","C2C2-Gata","FUM_cytosol",0.207791113587387
"203","bZIP","FUM_cytosol",1
"204","EIL","FUM_cytosol",1
"205","LBD","FUM_cytosol",0.00295949304870831
"206","MADS","FUM_cytosol",1
"207","TCP","FUM_cytosol",1
"208","SBP","FUM_cytosol",1
"209","G2-like","FUM_cytosol",0.649375761884332
"210","C3H","FUM_cytosol",0.00996798759196826
"211","CPP","FUM_cytosol",1
"212","GRF","FUM_cytosol",1
"213","REM","FUM_cytosol",1
"214","Homeobox","FUM_cytosol",1
"215","PHD","FUM_cytosol",0.0405405405405403
"216","C2C2-Dof","FUM_cytosol",1
"217","WRKY","FUM_cytosol",1
"218","CCAAT-DR1","FUM_cytosol",1
"219","ARF","FUM_cytosol",1
"220","RAV","FUM_cytosol",1
"221","NLP","FUM_cytosol",1
"222","ARR-B","FUM_cytosol",1
"223","ZF-HD","FUM_cytosol",1
"224","Whirly","FUM_cytosol",1
"225","BBR/BPC","FUM_cytosol",1
"226","MYB-related","FUM_cytosol",1
"227","GRAS","FUM_cytosol",0.393193483664307
"228","BZR","FUM_cytosol",1
"229","Alfin-like","FUM_cytosol",1
"230","HSF","FUM_cytosol",0.220398752422574
"231","CAMTA","FUM_cytosol",1
"232","VOZ","FUM_cytosol",1
"233","CCAAT-HAP3","FUM_cytosol",1
"234","CCAAT-HAP5","FUM_cytosol",1
"235","C2C2-CO-like","FUM_cytosol",1
"236","C2C2-YABBY","FUM_cytosol",1
"237","ABI3VP1","FUM_cytosol",1
"238","CCAAT-HAP2","FUM_cytosol",1
"239","TUB","FUM_cytosol",1
"240","ZIM","FUM_cytosol",1
"241","bHLH","FUM_mitochondrion",1
"242","MYB","FUM_mitochondrion",1
"243","E2F-DP","FUM_mitochondrion",1
"244","AP2-EREBP","FUM_mitochondrion",0.973095793347207
"245","Trihelix","FUM_mitochondrion",0.108857481073204
"246","ARID","FUM_mitochondrion",0.255300590402794
"247","C2H2","FUM_mitochondrion",0.0461188226570285
"248","GeBP","FUM_mitochondrion",0.036998877794205
"249","NAC","FUM_mitochondrion",0.850376507828321
"250","C2C2-Gata","FUM_mitochondrion",0.26553908214592
"251","bZIP","FUM_mitochondrion",1
"252","EIL","FUM_mitochondrion",1
"253","LBD","FUM_mitochondrion",0.000590980581184543
"254","MADS","FUM_mitochondrion",0.725067490038385
"255","TCP","FUM_mitochondrion",1
"256","SBP","FUM_mitochondrion",1
"257","G2-like","FUM_mitochondrion",0.71087344350838
"258","C3H","FUM_mitochondrion",0.0177753451051582
"259","CPP","FUM_mitochondrion",1
"260","GRF","FUM_mitochondrion",1
"261","REM","FUM_mitochondrion",1
"262","Homeobox","FUM_mitochondrion",1
"263","PHD","FUM_mitochondrion",0.0478170478170479
"264","C2C2-Dof","FUM_mitochondrion",1
"265","WRKY","FUM_mitochondrion",1
"266","CCAAT-DR1","FUM_mitochondrion",1
"267","ARF","FUM_mitochondrion",1
"268","RAV","FUM_mitochondrion",0.388809097138264
"269","NLP","FUM_mitochondrion",1
"270","ARR-B","FUM_mitochondrion",1
"271","ZF-HD","FUM_mitochondrion",1
"272","Whirly","FUM_mitochondrion",1
"273","BBR/BPC","FUM_mitochondrion",1
"274","MYB-related","FUM_mitochondrion",1
"275","GRAS","FUM_mitochondrion",0.446476335189602
"276","BZR","FUM_mitochondrion",1
"277","Alfin-like","FUM_mitochondrion",1
"278","HSF","FUM_mitochondrion",0.255300590402794
"279","CAMTA","FUM_mitochondrion",1
"280","VOZ","FUM_mitochondrion",1
"281","CCAAT-HAP3","FUM_mitochondrion",1
"282","CCAAT-HAP5","FUM_mitochondrion",1
"283","C2C2-CO-like","FUM_mitochondrion",1
"284","C2C2-YABBY","FUM_mitochondrion",1
"285","ABI3VP1","FUM_mitochondrion",1
"286","CCAAT-HAP2","FUM_mitochondrion",1
"287","TUB","FUM_mitochondrion",1
"288","ZIM","FUM_mitochondrion",1
"289","bHLH","ICDH_cytosol",0.999954264545846
"290","MYB","ICDH_cytosol",1.96567079749907e-05
"291","E2F-DP","ICDH_cytosol",0.327480686481727
"292","AP2-EREBP","ICDH_cytosol",0.396490090436439
"293","Trihelix","ICDH_cytosol",0.0019154010835885
"294","ARID","ICDH_cytosol",0.000918361876050311
"295","C2H2","ICDH_cytosol",0.960998090871017
"296","GeBP","ICDH_cytosol",0.000584524851760687
"297","NAC","ICDH_cytosol",0.229999623974578
"298","C2C2-Gata","ICDH_cytosol",0.00031565937223009
"299","bZIP","ICDH_cytosol",0.887890061251114
"300","EIL","ICDH_cytosol",1
"301","LBD","ICDH_cytosol",1
"302","MADS","ICDH_cytosol",0.994646543303196
"303","TCP","ICDH_cytosol",0.833455466578291
"304","SBP","ICDH_cytosol",0.796564039840831
"305","G2-like","ICDH_cytosol",0.285089175100341
"306","C3H","ICDH_cytosol",0.188517698308816
"307","CPP","ICDH_cytosol",0.0850935172345162
"308","GRF","ICDH_cytosol",0.150302995509574
"309","REM","ICDH_cytosol",0.367314715432643
"310","Homeobox","ICDH_cytosol",0.15416495504198
"311","PHD","ICDH_cytosol",0.17983367983368
"312","C2C2-Dof","ICDH_cytosol",1
"313","WRKY","ICDH_cytosol",0.933230488896724
"314","CCAAT-DR1","ICDH_cytosol",1
"315","ARF","ICDH_cytosol",0.615979941563485
"316","RAV","ICDH_cytosol",1
"317","NLP","ICDH_cytosol",1
"318","ARR-B","ICDH_cytosol",1
"319","ZF-HD","ICDH_cytosol",0.709345539649789
"320","Whirly","ICDH_cytosol",1
"321","BBR/BPC","ICDH_cytosol",0.696666433276633
"322","MYB-related","ICDH_cytosol",0.771565658872845
"323","GRAS","ICDH_cytosol",1
"324","BZR","ICDH_cytosol",1
"325","Alfin-like","ICDH_cytosol",1
"326","HSF","ICDH_cytosol",1
"327","CAMTA","ICDH_cytosol",1
"328","VOZ","ICDH_cytosol",1
"329","CCAAT-HAP3","ICDH_cytosol",1
"330","CCAAT-HAP5","ICDH_cytosol",1
"331","C2C2-CO-like","ICDH_cytosol",1
"332","C2C2-YABBY","ICDH_cytosol",1
"333","ABI3VP1","ICDH_cytosol",1
"334","CCAAT-HAP2","ICDH_cytosol",1
"335","TUB","ICDH_cytosol",1
"336","ZIM","ICDH_cytosol",1
"337","bHLH","ICDH_mitochondrion",0.999897482364949
"338","MYB","ICDH_mitochondrion",0.99987769855975
"339","E2F-DP","ICDH_mitochondrion",1
"340","AP2-EREBP","ICDH_mitochondrion",0.539286428167012
"341","Trihelix","ICDH_mitochondrion",0.000755919625762101
"342","ARID","ICDH_mitochondrion",0.757884020432679
"343","C2H2","ICDH_mitochondrion",0.213515551264636
"344","GeBP","ICDH_mitochondrion",0.0329646224283008
"345","NAC","ICDH_mitochondrion",0.402789854387309
"346","C2C2-Gata","ICDH_mitochondrion",0.851149276090283
"347","bZIP","ICDH_mitochondrion",0.423722868205097
"348","EIL","ICDH_mitochondrion",0.693105970270296
"349","LBD","ICDH_mitochondrion",0.00894404246849037
"350","MADS","ICDH_mitochondrion",0.935255232945782
"351","TCP","ICDH_mitochondrion",0.881314414180581
"352","SBP","ICDH_mitochondrion",0.526305222766525
"353","G2-like","ICDH_mitochondrion",0.62946852816123
"354","C3H","ICDH_mitochondrion",0.158755622359823
"355","CPP","ICDH_mitochondrion",1
"356","GRF","ICDH_mitochondrion",0.611105184548868
"357","REM","ICDH_mitochondrion",0.45093363629503
"358","Homeobox","ICDH_mitochondrion",0.96822908662978
"359","PHD","ICDH_mitochondrion",0.20997920997921
"360","C2C2-Dof","ICDH_mitochondrion",0.011691840004721
"361","WRKY","ICDH_mitochondrion",0.00216609229590251
"362","CCAAT-DR1","ICDH_mitochondrion",0.376039771461207
"363","ARF","ICDH_mitochondrion",0.708017467668949
"364","RAV","ICDH_mitochondrion",0.138003627944762
"365","NLP","ICDH_mitochondrion",0.611105184548868
"366","ARR-B","ICDH_mitochondrion",0.369215719458384
"367","ZF-HD","ICDH_mitochondrion",0.954307110511228
"368","Whirly","ICDH_mitochondrion",1
"369","BBR/BPC","ICDH_mitochondrion",0.00195057697697166
"370","MYB-related","ICDH_mitochondrion",0.998776741164872
"371","GRAS","ICDH_mitochondrion",0.231576030531121
"372","BZR","ICDH_mitochondrion",1
"373","Alfin-like","ICDH_mitochondrion",1
"374","HSF","ICDH_mitochondrion",0.110874686072691
"375","CAMTA","ICDH_mitochondrion",1
"376","VOZ","ICDH_mitochondrion",1
"377","CCAAT-HAP3","ICDH_mitochondrion",1
"378","CCAAT-HAP5","ICDH_mitochondrion",0.164920927366769
"379","C2C2-CO-like","ICDH_mitochondrion",1
"380","C2C2-YABBY","ICDH_mitochondrion",0.376039771461207
"381","ABI3VP1","ICDH_mitochondrion",1
"382","CCAAT-HAP2","ICDH_mitochondrion",1
"383","TUB","ICDH_mitochondrion",1
"384","ZIM","ICDH_mitochondrion",0.20997920997921
"385","bHLH","ICDH_peroxisome",0.886860694674785
"386","MYB","ICDH_peroxisome",0.920878245801487
"387","E2F-DP","ICDH_peroxisome",0.140305598161998
"388","AP2-EREBP","ICDH_peroxisome",7.00966292550769e-05
"389","Trihelix","ICDH_peroxisome",0.00815364377623487
"390","ARID","ICDH_peroxisome",0.00630088705071219
"391","C2H2","ICDH_peroxisome",0.414827404896954
"392","GeBP","ICDH_peroxisome",5.42696924995038e-05
"393","NAC","ICDH_peroxisome",0.296715220432928
"394","C2C2-Gata","ICDH_peroxisome",1
"395","bZIP","ICDH_peroxisome",0.0939524042435833
"396","EIL","ICDH_peroxisome",1
"397","LBD","ICDH_peroxisome",0.104322967770334
"398","MADS","ICDH_peroxisome",1
"399","TCP","ICDH_peroxisome",1
"400","SBP","ICDH_peroxisome",1
"401","G2-like","ICDH_peroxisome",0.852454854568013
"402","C3H","ICDH_peroxisome",0.813850251067677
"403","CPP","ICDH_peroxisome",1
"404","GRF","ICDH_peroxisome",0.2611674403912
"405","REM","ICDH_peroxisome",1
"406","Homeobox","ICDH_peroxisome",0.900012205378235
"407","PHD","ICDH_peroxisome",0.0727650727650726
"408","C2C2-Dof","ICDH_peroxisome",1
"409","WRKY","ICDH_peroxisome",0.94659126086394
"410","CCAAT-DR1","ICDH_peroxisome",1
"411","ARF","ICDH_peroxisome",0.187794957499925
"412","RAV","ICDH_peroxisome",1
"413","NLP","ICDH_peroxisome",1
"414","ARR-B","ICDH_peroxisome",1
"415","ZF-HD","ICDH_peroxisome",1
"416","Whirly","ICDH_peroxisome",1
"417","BBR/BPC","ICDH_peroxisome",0.365246411376857
"418","MYB-related","ICDH_peroxisome",1
"419","GRAS","ICDH_peroxisome",1
"420","BZR","ICDH_peroxisome",1
"421","Alfin-like","ICDH_peroxisome",1
"422","HSF","ICDH_peroxisome",1
"423","CAMTA","ICDH_peroxisome",1
"424","VOZ","ICDH_peroxisome",1
"425","CCAAT-HAP3","ICDH_peroxisome",1
"426","CCAAT-HAP5","ICDH_peroxisome",1
"427","C2C2-CO-like","ICDH_peroxisome",1
"428","C2C2-YABBY","ICDH_peroxisome",1
"429","ABI3VP1","ICDH_peroxisome",1
"430","CCAAT-HAP2","ICDH_peroxisome",1
"431","TUB","ICDH_peroxisome",1
"432","ZIM","ICDH_peroxisome",1
"433","bHLH","MDH_cytosol",0.999997128001466
"434","MYB","MDH_cytosol",0.983771825794919
"435","E2F-DP","MDH_cytosol",0.39721703613483
"436","AP2-EREBP","MDH_cytosol",0.000210530352613049
"437","Trihelix","MDH_cytosol",0.00118377131120331
"438","ARID","MDH_cytosol",0.0248922650310932
"439","C2H2","MDH_cytosol",0.989239377549336
"440","GeBP","MDH_cytosol",9.20573670476362e-06
"441","NAC","MDH_cytosol",0.64215041473886
"442","C2C2-Gata","MDH_cytosol",1.29145723267514e-08
"443","bZIP","MDH_cytosol",0.0244355716861357
"444","EIL","MDH_cytosol",0.718535489925236
"445","LBD","MDH_cytosol",0.124331729171064
"446","MADS","MDH_cytosol",1
"447","TCP","MDH_cytosol",0.8984686087086
"448","SBP","MDH_cytosol",0.868929705964822
"449","G2-like","MDH_cytosol",9.65187391005588e-07
"450","C3H","MDH_cytosol",0.0947053618994561
"451","CPP","MDH_cytosol",1
"452","GRF","MDH_cytosol",0.217594731752258
"453","REM","MDH_cytosol",0.190042718503107
"454","Homeobox","MDH_cytosol",0.836830416084693
"455","PHD","MDH_cytosol",0.223492723492723
"456","C2C2-Dof","MDH_cytosol",0.997246563107099
"457","WRKY","MDH_cytosol",0.995874325980321
"458","CCAAT-DR1","MDH_cytosol",0.39721703613483
"459","ARF","MDH_cytosol",0.460611294317739
"460","RAV","MDH_cytosol",1
"461","NLP","MDH_cytosol",0.0368462687215203
"462","ARR-B","MDH_cytosol",0.129174849918309
"463","ZF-HD","MDH_cytosol",0.012582203783287
"464","Whirly","MDH_cytosol",1
"465","BBR/BPC","MDH_cytosol",0.0248922650310932
"466","MYB-related","MDH_cytosol",0.622217018586078
"467","GRAS","MDH_cytosol",0.952892328764554
"468","BZR","MDH_cytosol",1
"469","Alfin-like","MDH_cytosol",1
"470","HSF","MDH_cytosol",1
"471","CAMTA","MDH_cytosol",1
"472","VOZ","MDH_cytosol",1
"473","CCAAT-HAP3","MDH_cytosol",1
"474","CCAAT-HAP5","MDH_cytosol",1
"475","C2C2-CO-like","MDH_cytosol",1
"476","C2C2-YABBY","MDH_cytosol",1
"477","ABI3VP1","MDH_cytosol",1
"478","CCAAT-HAP2","MDH_cytosol",1
"479","TUB","MDH_cytosol",1
"480","ZIM","MDH_cytosol",1
"481","bHLH","MDH_mitochondrion",0.997808050231984
"482","MYB","MDH_mitochondrion",0.999717993643689
"483","E2F-DP","MDH_mitochondrion",0.285917951890897
"484","AP2-EREBP","MDH_mitochondrion",0.295750012880411
"485","Trihelix","MDH_mitochondrion",5.98686050317745e-06
"486","ARID","MDH_mitochondrion",0.00644773745267959
"487","C2H2","MDH_mitochondrion",0.194083676540837
"488","GeBP","MDH_mitochondrion",2.08572090729693e-05
"489","NAC","MDH_mitochondrion",0.55070503928099
"490","C2C2-Gata","MDH_mitochondrion",0.971973058263139
"491","bZIP","MDH_mitochondrion",0.0269685752379765
"492","EIL","MDH_mitochondrion",0.569723962423377
"493","LBD","MDH_mitochondrion",0.00118019161343407
"494","MADS","MDH_mitochondrion",1
"495","TCP","MDH_mitochondrion",0.150580846798852
"496","SBP","MDH_mitochondrion",0.741182346063542
"497","G2-like","MDH_mitochondrion",0.342735556422253
"498","C3H","MDH_mitochondrion",0.976410905573226
"499","CPP","MDH_mitochondrion",0.396749436441164
"500","GRF","MDH_mitochondrion",1
"501","REM","MDH_mitochondrion",0.693336402593899
"502","Homeobox","MDH_mitochondrion",0.708114138349332
"503","PHD","MDH_mitochondrion",0.154885654885655
"504","C2C2-Dof","MDH_mitochondrion",1
"505","WRKY","MDH_mitochondrion",0.987927207972868
"506","CCAAT-DR1","MDH_mitochondrion",1
"507","ARF","MDH_mitochondrion",0.235419490674492
"508","RAV","MDH_mitochondrion",0.191798702869079
"509","NLP","MDH_mitochondrion",1
"510","ARR-B","MDH_mitochondrion",1
"511","ZF-HD","MDH_mitochondrion",0.00141350668341072
"512","Whirly","MDH_mitochondrion",1
"513","BBR/BPC","MDH_mitochondrion",0.000441669223986645
"514","MYB-related","MDH_mitochondrion",0.65288836377346
"515","GRAS","MDH_mitochondrion",1
"516","BZR","MDH_mitochondrion",0.569723962423377
"517","Alfin-like","MDH_mitochondrion",1
"518","HSF","MDH_mitochondrion",1
"519","CAMTA","MDH_mitochondrion",1
"520","VOZ","MDH_mitochondrion",0.154885654885655
"521","CCAAT-HAP3","MDH_mitochondrion",0.490476583438314
"522","CCAAT-HAP5","MDH_mitochondrion",1
"523","C2C2-CO-like","MDH_mitochondrion",1
"524","C2C2-YABBY","MDH_mitochondrion",1
"525","ABI3VP1","MDH_mitochondrion",1
"526","CCAAT-HAP2","MDH_mitochondrion",1
"527","TUB","MDH_mitochondrion",1
"528","ZIM","MDH_mitochondrion",1
"529","bHLH","MDH_peroxisome",0.996959710383683
"530","MYB","MDH_peroxisome",0.886651263579441
"531","E2F-DP","MDH_peroxisome",1
"532","AP2-EREBP","MDH_peroxisome",0.0894436539621298
"533","Trihelix","MDH_peroxisome",0.00416597510030636
"534","ARID","MDH_peroxisome",0.0456897033740183
"535","C2H2","MDH_peroxisome",0.967783867209414
"536","GeBP","MDH_peroxisome",0.000126491230353007
"537","NAC","MDH_peroxisome",0.507035319432018
"538","C2C2-Gata","MDH_peroxisome",1
"539","bZIP","MDH_peroxisome",0.230641533283037
"540","EIL","MDH_peroxisome",0.553570155160881
"541","LBD","MDH_peroxisome",0.0049142599851426
"542","MADS","MDH_peroxisome",1
"543","TCP","MDH_peroxisome",1
"544","SBP","MDH_peroxisome",0.0202006181741908
"545","G2-like","MDH_peroxisome",0.90694454093459
"546","C3H","MDH_peroxisome",1
"547","CPP","MDH_peroxisome",0.0594420578226509
"548","GRF","MDH_peroxisome",0.107392712615849
"549","REM","MDH_peroxisome",0.6770774740873
"550","Homeobox","MDH_peroxisome",0.468151156778487
"551","PHD","MDH_peroxisome",0.148648648648648
"552","C2C2-Dof","MDH_peroxisome",1
"553","WRKY","MDH_peroxisome",2.54727602573191e-08
"554","CCAAT-DR1","MDH_peroxisome",0.275332564614563
"555","ARF","MDH_peroxisome",0.503612993223788
"556","RAV","MDH_peroxisome",0.801611909970212
"557","NLP","MDH_peroxisome",1
"558","ARR-B","MDH_peroxisome",1
"559","ZF-HD","MDH_peroxisome",0.00109377137517714
"560","Whirly","MDH_peroxisome",1
"561","BBR/BPC","MDH_peroxisome",0.620278063010405
"562","MYB-related","MDH_peroxisome",1
"563","GRAS","MDH_peroxisome",1
"564","BZR","MDH_peroxisome",1
"565","Alfin-like","MDH_peroxisome",1
"566","HSF","MDH_peroxisome",1
"567","CAMTA","MDH_peroxisome",1
"568","VOZ","MDH_peroxisome",1
"569","CCAAT-HAP3","MDH_peroxisome",0.475239519808741
"570","CCAAT-HAP5","MDH_peroxisome",1
"571","C2C2-CO-like","MDH_peroxisome",1
"572","C2C2-YABBY","MDH_peroxisome",0.275332564614563
"573","ABI3VP1","MDH_peroxisome",1
"574","CCAAT-HAP2","MDH_peroxisome",1
"575","TUB","MDH_peroxisome",1
"576","ZIM","MDH_peroxisome",1
"577","bHLH","MDH_plastid",0.966028613671611
"578","MYB","MDH_plastid",0.882538994727303
"579","E2F-DP","MDH_plastid",0.189719215733784
"580","AP2-EREBP","MDH_plastid",0.000276841017403829
"581","Trihelix","MDH_plastid",2.63859883848473e-06
"582","ARID","MDH_plastid",0.0154189081538483
"583","C2H2","MDH_plastid",0.995947212091708
"584","GeBP","MDH_plastid",4.87445587428475e-05
"585","NAC","MDH_plastid",0.169591427902139
"586","C2C2-Gata","MDH_plastid",0.350324122666695
"587","bZIP","MDH_plastid",0.0445985992480611
"588","EIL","MDH_plastid",1
"589","LBD","MDH_plastid",0.0663634671762551
"590","MADS","MDH_plastid",1
"591","TCP","MDH_plastid",1
"592","SBP","MDH_plastid",0.570133541532476
"593","G2-like","MDH_plastid",0.930292043512265
"594","C3H","MDH_plastid",1
"595","CPP","MDH_plastid",0.0276630588805407
"596","GRF","MDH_plastid",0.0517433533034678
"597","REM","MDH_plastid",0.148657957162878
"598","Homeobox","MDH_plastid",0.590529360315568
"599","PHD","MDH_plastid",0.0997920997920997
"600","C2C2-Dof","MDH_plastid",1
"601","WRKY","MDH_plastid",1
"602","CCAAT-DR1","MDH_plastid",1
"603","ARF","MDH_plastid",0.301749374557748
"604","RAV","MDH_plastid",0.0688425328208585
"605","NLP","MDH_plastid",1
"606","ARR-B","MDH_plastid",1
"607","ZF-HD","MDH_plastid",1
"608","Whirly","MDH_plastid",1
"609","BBR/BPC","MDH_plastid",0.113340595463683
"610","MYB-related","MDH_plastid",0.949616011562889
"611","GRAS","MDH_plastid",1
"612","BZR","MDH_plastid",1
"613","Alfin-like","MDH_plastid",1
"614","HSF","MDH_plastid",1
"615","CAMTA","MDH_plastid",1
"616","VOZ","MDH_plastid",1
"617","CCAAT-HAP3","MDH_plastid",1
"618","CCAAT-HAP5","MDH_plastid",1
"619","C2C2-CO-like","MDH_plastid",1
"620","C2C2-YABBY","MDH_plastid",1
"621","ABI3VP1","MDH_plastid",1
"622","CCAAT-HAP2","MDH_plastid",1
"623","TUB","MDH_plastid",1
"624","ZIM","MDH_plastid",1
"625","bHLH","OGDH_mitochondrion",0.988051613427178
"626","MYB","OGDH_mitochondrion",0.956430406734847
"627","E2F-DP","OGDH_mitochondrion",0.284159129112303
"628","AP2-EREBP","OGDH_mitochondrion",1.18127549473141e-11
"629","Trihelix","OGDH_mitochondrion",5.64357713493628e-06
"630","ARID","OGDH_mitochondrion",0.0500354003920082
"631","C2H2","OGDH_mitochondrion",0.793161330789814
"632","GeBP","OGDH_mitochondrion",0.000167449770903854
"633","NAC","OGDH_mitochondrion",0.720662411569285
"634","C2C2-Gata","OGDH_mitochondrion",0.971230856779565
"635","bZIP","OGDH_mitochondrion",0.258986565759958
"636","EIL","OGDH_mitochondrion",0.567064654403745
"637","LBD","OGDH_mitochondrion",0.00599851237801022
"638","MADS","OGDH_mitochondrion",1
"639","TCP","OGDH_mitochondrion",1
"640","SBP","OGDH_mitochondrion",1
"641","G2-like","OGDH_mitochondrion",0.917631299562279
"642","C3H","OGDH_mitochondrion",0.97575565295026
"643","CPP","OGDH_mitochondrion",0.394517930040823
"644","GRF","OGDH_mitochondrion",0.487960418418256
"645","REM","OGDH_mitochondrion",0.0778704089950001
"646","Homeobox","OGDH_mitochondrion",0.309064343029325
"647","PHD","OGDH_mitochondrion",0.153846153846154
"648","C2C2-Dof","OGDH_mitochondrion",0.891777361467333
"649","WRKY","OGDH_mitochondrion",0.948804766048802
"650","CCAAT-DR1","OGDH_mitochondrion",1
"651","ARF","OGDH_mitochondrion",0.523459815817623
"652","RAV","OGDH_mitochondrion",0.000143152912453697
"653","NLP","OGDH_mitochondrion",1
"654","ARR-B","OGDH_mitochondrion",1
"655","ZF-HD","OGDH_mitochondrion",1
"656","Whirly","OGDH_mitochondrion",1
"657","BBR/BPC","OGDH_mitochondrion",0.00628650072170797
"658","MYB-related","OGDH_mitochondrion",1
"659","GRAS","OGDH_mitochondrion",0.86697690909225
"660","BZR","OGDH_mitochondrion",1
"661","Alfin-like","OGDH_mitochondrion",1
"662","HSF","OGDH_mitochondrion",1
"663","CAMTA","OGDH_mitochondrion",1
"664","VOZ","OGDH_mitochondrion",1
"665","CCAAT-HAP3","OGDH_mitochondrion",0.487960418418256
"666","CCAAT-HAP5","OGDH_mitochondrion",1
"667","C2C2-CO-like","OGDH_mitochondrion",1
"668","C2C2-YABBY","OGDH_mitochondrion",1
"669","ABI3VP1","OGDH_mitochondrion",1
"670","CCAAT-HAP2","OGDH_mitochondrion",1
"671","TUB","OGDH_mitochondrion",1
"672","ZIM","OGDH_mitochondrion",1
"673","bHLH","PDH_mitochondrion",0.999709002981423
"674","MYB","PDH_mitochondrion",0.999077515342035
"675","E2F-DP","PDH_mitochondrion",0.739756966604001
"676","AP2-EREBP","PDH_mitochondrion",0.525444647862079
"677","Trihelix","PDH_mitochondrion",0.0156521076763838
"678","ARID","PDH_mitochondrion",0.0992196331911858
"679","C2H2","PDH_mitochondrion",0.178244666478408
"680","GeBP","PDH_mitochondrion",0.0308758484017686
"681","NAC","PDH_mitochondrion",0.0521438268146258
"682","C2C2-Gata","PDH_mitochondrion",0.00972018151424442
"683","bZIP","PDH_mitochondrion",0.519914215349163
"684","EIL","PDH_mitochondrion",0.965708900889647
"685","LBD","PDH_mitochondrion",0.00017412411736793
"686","MADS","PDH_mitochondrion",0.999667743046854
"687","TCP","PDH_mitochondrion",0.997733110611966
"688","SBP","PDH_mitochondrion",0.995522541457175
"689","G2-like","PDH_mitochondrion",3.59291945925984e-07
"690","C3H","PDH_mitochondrion",0.22809460628189
"691","CPP","PDH_mitochondrion",0.484393490084177
"692","GRF","PDH_mitochondrion",0.296665386907455
"693","REM","PDH_mitochondrion",0.756867197315946
"694","Homeobox","PDH_mitochondrion",0.973969791908387
"695","PHD","PDH_mitochondrion",0.48960498960499
"696","C2C2-Dof","PDH_mitochondrion",0.00363021172778415
"697","WRKY","PDH_mitochondrion",0.513411072658749
"698","CCAAT-DR1","PDH_mitochondrion",0.239453012605978
"699","ARF","PDH_mitochondrion",0.471733427938716
"700","RAV","PDH_mitochondrion",0.350904539833974
"701","NLP","PDH_mitochondrion",0.0570885695200201
"702","ARR-B","PDH_mitochondrion",0.0992196331911858
"703","ZF-HD","PDH_mitochondrion",0.0383264089932316
"704","Whirly","PDH_mitochondrion",0.48960498960499
"705","BBR/BPC","PDH_mitochondrion",0.0992196331911858
"706","MYB-related","PDH_mitochondrion",0.978311555773351
"707","GRAS","PDH_mitochondrion",0.786918403428273
"708","BZR","PDH_mitochondrion",0.480474323003243
"709","Alfin-like","PDH_mitochondrion",0.739756966604001
"710","HSF","PDH_mitochondrion",0.982585711423582
"711","CAMTA","PDH_mitochondrion",1
"712","VOZ","PDH_mitochondrion",1
"713","CCAAT-HAP3","PDH_mitochondrion",1
"714","CCAAT-HAP5","PDH_mitochondrion",1
"715","C2C2-CO-like","PDH_mitochondrion",1
"716","C2C2-YABBY","PDH_mitochondrion",1
"717","ABI3VP1","PDH_mitochondrion",1
"718","CCAAT-HAP2","PDH_mitochondrion",1
"719","TUB","PDH_mitochondrion",1
"720","ZIM","PDH_mitochondrion",1
"721","bHLH","PDH_plastid",0.00434052236942903
"722","MYB","PDH_plastid",0.020694689345326
"723","E2F-DP","PDH_plastid",0.56863194740406
"724","AP2-EREBP","PDH_plastid",0.141144450002159
"725","Trihelix","PDH_plastid",0.00457544225534982
"726","ARID","PDH_plastid",0.020029225425697
"727","C2H2","PDH_plastid",0.991038626182281
"728","GeBP","PDH_plastid",0.00486944946119978
"729","NAC","PDH_plastid",0.976986880561192
"730","C2C2-Gata","PDH_plastid",0.268898857274931
"731","bZIP","PDH_plastid",5.58130351315173e-05
"732","EIL","PDH_plastid",0.223956931104946
"733","LBD","PDH_plastid",0.0188813107064901
"734","MADS","PDH_plastid",0.973011012265186
"735","TCP","PDH_plastid",0.977647383251461
"736","SBP","PDH_plastid",0.9658262878556
"737","G2-like","PDH_plastid",0.908875253278634
"738","C3H","PDH_plastid",0.326173620963688
"739","CPP","PDH_plastid",0.272066411244351
"740","GRF","PDH_plastid",0.0136817967440342
"741","REM","PDH_plastid",0.755095238319639
"742","Homeobox","PDH_plastid",0.754486318920848
"743","PHD","PDH_plastid",0.343035343035343
"744","C2C2-Dof","PDH_plastid",0.999256789173221
"745","WRKY","PDH_plastid",0.999869869369058
"746","CCAAT-DR1","PDH_plastid",1
"747","ARF","PDH_plastid",0.312857528019727
"748","RAV","PDH_plastid",0.467341933115392
"749","NLP","PDH_plastid",0.119454219278953
"750","ARR-B","PDH_plastid",0.66843203748122
"751","ZF-HD","PDH_plastid",0.116638650898274
"752","Whirly","PDH_plastid",1
"753","BBR/BPC","PDH_plastid",0.00158112661242447
"754","MYB-related","PDH_plastid",0.800673870810419
"755","GRAS","PDH_plastid",0.993765695113777
"756","BZR","PDH_plastid",0.00465580974796989
"757","Alfin-like","PDH_plastid",1
"758","HSF","PDH_plastid",0.920255806482825
"759","CAMTA","PDH_plastid",0.343035343035343
"760","VOZ","PDH_plastid",0.343035343035343
"761","CCAAT-HAP3","PDH_plastid",1
"762","CCAAT-HAP5","PDH_plastid",1
"763","C2C2-CO-like","PDH_plastid",1
"764","C2C2-YABBY","PDH_plastid",1
"765","ABI3VP1","PDH_plastid",1
"766","CCAAT-HAP2","PDH_plastid",1
"767","TUB","PDH_plastid",1
"768","ZIM","PDH_plastid",1
"769","bHLH","SCL_mitochondrion",0.591969479553575
"770","MYB","SCL_mitochondrion",0.746565347972549
"771","E2F-DP","SCL_mitochondrion",1
"772","AP2-EREBP","SCL_mitochondrion",1
"773","Trihelix","SCL_mitochondrion",1
"774","ARID","SCL_mitochondrion",1
"775","C2H2","SCL_mitochondrion",1
"776","GeBP","SCL_mitochondrion",0.249894183635853
"777","NAC","SCL_mitochondrion",1
"778","C2C2-Gata","SCL_mitochondrion",1
"779","bZIP","SCL_mitochondrion",1
"780","EIL","SCL_mitochondrion",0.0854610372326905
"781","LBD","SCL_mitochondrion",0.000107116943618552
"782","MADS","SCL_mitochondrion",1
"783","TCP","SCL_mitochondrion",1
"784","SBP","SCL_mitochondrion",0.133386808815944
"785","G2-like","SCL_mitochondrion",1
"786","C3H","SCL_mitochondrion",0.0057425700722038
"787","CPP","SCL_mitochondrion",1
"788","GRF","SCL_mitochondrion",1
"789","REM","SCL_mitochondrion",1
"790","Homeobox","SCL_mitochondrion",1
"791","PHD","SCL_mitochondrion",0.0176715176715176
"792","C2C2-Dof","SCL_mitochondrion",1
"793","WRKY","SCL_mitochondrion",0.498936880706481
"794","CCAAT-DR1","SCL_mitochondrion",1
"795","ARF","SCL_mitochondrion",1
"796","RAV","SCL_mitochondrion",1
"797","NLP","SCL_mitochondrion",1
"798","ARR-B","SCL_mitochondrion",1
"799","ZF-HD","SCL_mitochondrion",1
"800","Whirly","SCL_mitochondrion",1
"801","BBR/BPC","SCL_mitochondrion",1
"802","MYB-related","SCL_mitochondrion",1
"803","GRAS","SCL_mitochondrion",1
"804","BZR","SCL_mitochondrion",1
"805","Alfin-like","SCL_mitochondrion",1
"806","HSF","SCL_mitochondrion",1
"807","CAMTA","SCL_mitochondrion",1
"808","VOZ","SCL_mitochondrion",1
"809","CCAAT-HAP3","SCL_mitochondrion",1
"810","CCAAT-HAP5","SCL_mitochondrion",1
"811","C2C2-CO-like","SCL_mitochondrion",1
"812","C2C2-YABBY","SCL_mitochondrion",1
"813","ABI3VP1","SCL_mitochondrion",1
"814","CCAAT-HAP2","SCL_mitochondrion",1
"815","TUB","SCL_mitochondrion",1
"816","ZIM","SCL_mitochondrion",1
"817","bHLH","SDH_mitochondrion",0.999595478502738
"818","MYB","SDH_mitochondrion",0.943946399666088
"819","E2F-DP","SDH_mitochondrion",0.627919202320867
"820","AP2-EREBP","SDH_mitochondrion",0.320282403267908
"821","Trihelix","SDH_mitochondrion",0.0121618915963225
"822","ARID","SDH_mitochondrion",0.0360110376838446
"823","C2H2","SDH_mitochondrion",0.966999889208822
"824","GeBP","SDH_mitochondrion",0.0475519143395889
"825","NAC","SDH_mitochondrion",0.537626884842571
"826","C2C2-Gata","SDH_mitochondrion",0.0268913923434515
"827","bZIP","SDH_mitochondrion",0.000546525337853995
"828","EIL","SDH_mitochondrion",0.645731531385509
"829","LBD","SDH_mitochondrion",0.0475519143395889
"830","MADS","SDH_mitochondrion",0.9340258824414
"831","TCP","SDH_mitochondrion",0.988552694473515
"832","SBP","SDH_mitochondrion",0.88357985971439
"833","G2-like","SDH_mitochondrion",0.999469587321179
"834","C3H","SDH_mitochondrion",0.337049042847357
"835","CPP","SDH_mitochondrion",0.773263263914279
"836","GRF","SDH_mitochondrion",0.167183073807864
"837","REM","SDH_mitochondrion",0.0859491231752893
"838","Homeobox","SDH_mitochondrion",0.000473338524357747
"839","PHD","SDH_mitochondrion",0.38981288981289
"840","C2C2-Dof","SDH_mitochondrion",0.993747010960685
"841","WRKY","SDH_mitochondrion",0.967162589594759
"842","CCAAT-DR1","SDH_mitochondrion",0.627919202320867
"843","ARF","SDH_mitochondrion",0.438991850091804
"844","RAV","SDH_mitochondrion",0.0467013973296155
"845","NLP","SDH_mitochondrion",0.861924657065629
"846","ARR-B","SDH_mitochondrion",0.434508362617574
"847","ZF-HD","SDH_mitochondrion",9.28967766931832e-05
"848","Whirly","SDH_mitochondrion",1
"849","BBR/BPC","SDH_mitochondrion",0.00342345425051966
"850","MYB-related","SDH_mitochondrion",0.264092432040237
"851","GRAS","SDH_mitochondrion",0.977539564477902
"852","BZR","SDH_mitochondrion",0.00885471815607383
"853","Alfin-like","SDH_mitochondrion",0.627919202320867
"854","HSF","SDH_mitochondrion",0.434508362617574
"855","CAMTA","SDH_mitochondrion",0.38981288981289
"856","VOZ","SDH_mitochondrion",0.38981288981289
"857","CCAAT-HAP3","SDH_mitochondrion",0.861924657065629
"858","CCAAT-HAP5","SDH_mitochondrion",0.968943789393085
"859","C2C2-CO-like","SDH_mitochondrion",0.507279084460226
"860","C2C2-YABBY","SDH_mitochondrion",1
"861","ABI3VP1","SDH_mitochondrion",1
"862","CCAAT-HAP2","SDH_mitochondrion",1
"863","TUB","SDH_mitochondrion",1
"864","ZIM","SDH_mitochondrion",1
