"","tffam","enzloc","adj.p"
"1","ABI3VP1","ACO_cytosol",1
"2","Alfin-like","ACO_cytosol",1
"3","AP2-EREBP","ACO_cytosol",1
"4","ARF","ACO_cytosol",1
"5","ARID","ACO_cytosol",1
"6","ARR-B","ACO_cytosol",1
"7","BBR/BPC","ACO_cytosol",1
"8","bHLH","ACO_cytosol",1
"9","bZIP","ACO_cytosol",1
"10","BZR","ACO_cytosol",1
"11","C2C2-CO-like","ACO_cytosol",1
"12","C2C2-Dof","ACO_cytosol",1
"13","C2C2-Gata","ACO_cytosol",1
"14","C2C2-YABBY","ACO_cytosol",1
"15","C2H2","ACO_cytosol",1
"16","C3H","ACO_cytosol",1
"17","CAMTA","ACO_cytosol",1
"18","CCAAT-DR1","ACO_cytosol",1
"19","CCAAT-HAP2","ACO_cytosol",1
"20","CCAAT-HAP3","ACO_cytosol",1
"21","CCAAT-HAP5","ACO_cytosol",1
"22","CPP","ACO_cytosol",1
"23","E2F-DP","ACO_cytosol",1
"24","EIL","ACO_cytosol",1
"25","G2-like","ACO_cytosol",1
"26","GeBP","ACO_cytosol",1
"27","GRAS","ACO_cytosol",1
"28","GRF","ACO_cytosol",1
"29","Homeobox","ACO_cytosol",1
"30","HSF","ACO_cytosol",1
"31","LBD","ACO_cytosol",1
"32","MADS","ACO_cytosol",1
"33","MYB","ACO_cytosol",1
"34","MYB-related","ACO_cytosol",1
"35","NAC","ACO_cytosol",1
"36","NLP","ACO_cytosol",1
"37","PHD","ACO_cytosol",1
"38","RAV","ACO_cytosol",1
"39","REM","ACO_cytosol",1
"40","SBP","ACO_cytosol",1
"41","TCP","ACO_cytosol",1
"42","Trihelix","ACO_cytosol",1
"43","TUB","ACO_cytosol",1
"44","VOZ","ACO_cytosol",1
"45","Whirly","ACO_cytosol",1
"46","WRKY","ACO_cytosol",1
"47","ZF-HD","ACO_cytosol",1
"48","ZIM","ACO_cytosol",1
"49","ABI3VP1","ACO_mitochondrion",1
"50","Alfin-like","ACO_mitochondrion",1
"51","AP2-EREBP","ACO_mitochondrion",1
"52","ARF","ACO_mitochondrion",1
"53","ARID","ACO_mitochondrion",1
"54","ARR-B","ACO_mitochondrion",1
"55","BBR/BPC","ACO_mitochondrion",1
"56","bHLH","ACO_mitochondrion",1
"57","bZIP","ACO_mitochondrion",1
"58","BZR","ACO_mitochondrion",1
"59","C2C2-CO-like","ACO_mitochondrion",1
"60","C2C2-Dof","ACO_mitochondrion",1
"61","C2C2-Gata","ACO_mitochondrion",0.399287286847254
"62","C2C2-YABBY","ACO_mitochondrion",1
"63","C2H2","ACO_mitochondrion",1
"64","C3H","ACO_mitochondrion",1
"65","CAMTA","ACO_mitochondrion",1
"66","CCAAT-DR1","ACO_mitochondrion",1
"67","CCAAT-HAP2","ACO_mitochondrion",1
"68","CCAAT-HAP3","ACO_mitochondrion",1
"69","CCAAT-HAP5","ACO_mitochondrion",1
"70","CPP","ACO_mitochondrion",1
"71","E2F-DP","ACO_mitochondrion",1
"72","EIL","ACO_mitochondrion",1
"73","G2-like","ACO_mitochondrion",1
"74","GeBP","ACO_mitochondrion",1
"75","GRAS","ACO_mitochondrion",1
"76","GRF","ACO_mitochondrion",1
"77","Homeobox","ACO_mitochondrion",1
"78","HSF","ACO_mitochondrion",1
"79","LBD","ACO_mitochondrion",1
"80","MADS","ACO_mitochondrion",1
"81","MYB","ACO_mitochondrion",1
"82","MYB-related","ACO_mitochondrion",1
"83","NAC","ACO_mitochondrion",1
"84","NLP","ACO_mitochondrion",1
"85","PHD","ACO_mitochondrion",1
"86","RAV","ACO_mitochondrion",1
"87","REM","ACO_mitochondrion",1
"88","SBP","ACO_mitochondrion",1
"89","TCP","ACO_mitochondrion",1
"90","Trihelix","ACO_mitochondrion",1
"91","TUB","ACO_mitochondrion",1
"92","VOZ","ACO_mitochondrion",1
"93","Whirly","ACO_mitochondrion",1
"94","WRKY","ACO_mitochondrion",1
"95","ZF-HD","ACO_mitochondrion",1
"96","ZIM","ACO_mitochondrion",1
"97","ABI3VP1","CSY_mitochondrion",1
"98","Alfin-like","CSY_mitochondrion",1
"99","AP2-EREBP","CSY_mitochondrion",1
"100","ARF","CSY_mitochondrion",1
"101","ARID","CSY_mitochondrion",0.454270903887704
"102","ARR-B","CSY_mitochondrion",1
"103","BBR/BPC","CSY_mitochondrion",1
"104","bHLH","CSY_mitochondrion",1
"105","bZIP","CSY_mitochondrion",1
"106","BZR","CSY_mitochondrion",1
"107","C2C2-CO-like","CSY_mitochondrion",1
"108","C2C2-Dof","CSY_mitochondrion",1
"109","C2C2-Gata","CSY_mitochondrion",1
"110","C2C2-YABBY","CSY_mitochondrion",1
"111","C2H2","CSY_mitochondrion",1
"112","C3H","CSY_mitochondrion",1
"113","CAMTA","CSY_mitochondrion",1
"114","CCAAT-DR1","CSY_mitochondrion",1
"115","CCAAT-HAP2","CSY_mitochondrion",1
"116","CCAAT-HAP3","CSY_mitochondrion",1
"117","CCAAT-HAP5","CSY_mitochondrion",1
"118","CPP","CSY_mitochondrion",1
"119","E2F-DP","CSY_mitochondrion",1
"120","EIL","CSY_mitochondrion",1
"121","G2-like","CSY_mitochondrion",1
"122","GeBP","CSY_mitochondrion",0.120951065810131
"123","GRAS","CSY_mitochondrion",1
"124","GRF","CSY_mitochondrion",1
"125","Homeobox","CSY_mitochondrion",1
"126","HSF","CSY_mitochondrion",1
"127","LBD","CSY_mitochondrion",0.535131405149505
"128","MADS","CSY_mitochondrion",1
"129","MYB","CSY_mitochondrion",0.900905768000842
"130","MYB-related","CSY_mitochondrion",1
"131","NAC","CSY_mitochondrion",1
"132","NLP","CSY_mitochondrion",1
"133","PHD","CSY_mitochondrion",1
"134","RAV","CSY_mitochondrion",1
"135","REM","CSY_mitochondrion",1
"136","SBP","CSY_mitochondrion",1
"137","TCP","CSY_mitochondrion",1
"138","Trihelix","CSY_mitochondrion",0.00897354312122501
"139","TUB","CSY_mitochondrion",1
"140","VOZ","CSY_mitochondrion",1
"141","Whirly","CSY_mitochondrion",1
"142","WRKY","CSY_mitochondrion",1
"143","ZF-HD","CSY_mitochondrion",1
"144","ZIM","CSY_mitochondrion",1
"145","ABI3VP1","CSY_peroxisome",1
"146","Alfin-like","CSY_peroxisome",1
"147","AP2-EREBP","CSY_peroxisome",1
"148","ARF","CSY_peroxisome",1
"149","ARID","CSY_peroxisome",1
"150","ARR-B","CSY_peroxisome",1
"151","BBR/BPC","CSY_peroxisome",1
"152","bHLH","CSY_peroxisome",1
"153","bZIP","CSY_peroxisome",0.449470540369573
"154","BZR","CSY_peroxisome",1
"155","C2C2-CO-like","CSY_peroxisome",1
"156","C2C2-Dof","CSY_peroxisome",1
"157","C2C2-Gata","CSY_peroxisome",1
"158","C2C2-YABBY","CSY_peroxisome",1
"159","C2H2","CSY_peroxisome",1
"160","C3H","CSY_peroxisome",1
"161","CAMTA","CSY_peroxisome",1
"162","CCAAT-DR1","CSY_peroxisome",1
"163","CCAAT-HAP2","CSY_peroxisome",1
"164","CCAAT-HAP3","CSY_peroxisome",1
"165","CCAAT-HAP5","CSY_peroxisome",1
"166","CPP","CSY_peroxisome",1
"167","E2F-DP","CSY_peroxisome",1
"168","EIL","CSY_peroxisome",1
"169","G2-like","CSY_peroxisome",1
"170","GeBP","CSY_peroxisome",0.0580995370133302
"171","GRAS","CSY_peroxisome",1
"172","GRF","CSY_peroxisome",1
"173","Homeobox","CSY_peroxisome",1
"174","HSF","CSY_peroxisome",1
"175","LBD","CSY_peroxisome",0.29163529584642
"176","MADS","CSY_peroxisome",1
"177","MYB","CSY_peroxisome",1
"178","MYB-related","CSY_peroxisome",1
"179","NAC","CSY_peroxisome",1
"180","NLP","CSY_peroxisome",1
"181","PHD","CSY_peroxisome",1
"182","RAV","CSY_peroxisome",1
"183","REM","CSY_peroxisome",1
"184","SBP","CSY_peroxisome",1
"185","TCP","CSY_peroxisome",0.00259343669767666
"186","Trihelix","CSY_peroxisome",0.245905773826103
"187","TUB","CSY_peroxisome",1
"188","VOZ","CSY_peroxisome",1
"189","Whirly","CSY_peroxisome",1
"190","WRKY","CSY_peroxisome",1
"191","ZF-HD","CSY_peroxisome",1
"192","ZIM","CSY_peroxisome",1
"193","ABI3VP1","FUM_cytosol",1
"194","Alfin-like","FUM_cytosol",1
"195","AP2-EREBP","FUM_cytosol",1
"196","ARF","FUM_cytosol",1
"197","ARID","FUM_cytosol",1
"198","ARR-B","FUM_cytosol",1
"199","BBR/BPC","FUM_cytosol",1
"200","bHLH","FUM_cytosol",1
"201","bZIP","FUM_cytosol",1
"202","BZR","FUM_cytosol",1
"203","C2C2-CO-like","FUM_cytosol",1
"204","C2C2-Dof","FUM_cytosol",1
"205","C2C2-Gata","FUM_cytosol",1
"206","C2C2-YABBY","FUM_cytosol",1
"207","C2H2","FUM_cytosol",1
"208","C3H","FUM_cytosol",0.468495416822508
"209","CAMTA","FUM_cytosol",1
"210","CCAAT-DR1","FUM_cytosol",1
"211","CCAAT-HAP2","FUM_cytosol",1
"212","CCAAT-HAP3","FUM_cytosol",1
"213","CCAAT-HAP5","FUM_cytosol",1
"214","CPP","FUM_cytosol",1
"215","E2F-DP","FUM_cytosol",1
"216","EIL","FUM_cytosol",1
"217","G2-like","FUM_cytosol",1
"218","GeBP","FUM_cytosol",1
"219","GRAS","FUM_cytosol",1
"220","GRF","FUM_cytosol",1
"221","Homeobox","FUM_cytosol",1
"222","HSF","FUM_cytosol",1
"223","LBD","FUM_cytosol",0.142055666337999
"224","MADS","FUM_cytosol",1
"225","MYB","FUM_cytosol",1
"226","MYB-related","FUM_cytosol",1
"227","NAC","FUM_cytosol",1
"228","NLP","FUM_cytosol",1
"229","PHD","FUM_cytosol",1
"230","RAV","FUM_cytosol",1
"231","REM","FUM_cytosol",1
"232","SBP","FUM_cytosol",1
"233","TCP","FUM_cytosol",1
"234","Trihelix","FUM_cytosol",1
"235","TUB","FUM_cytosol",1
"236","VOZ","FUM_cytosol",1
"237","Whirly","FUM_cytosol",1
"238","WRKY","FUM_cytosol",1
"239","ZF-HD","FUM_cytosol",1
"240","ZIM","FUM_cytosol",1
"241","ABI3VP1","FUM_mitochondrion",1
"242","Alfin-like","FUM_mitochondrion",1
"243","AP2-EREBP","FUM_mitochondrion",1
"244","ARF","FUM_mitochondrion",1
"245","ARID","FUM_mitochondrion",1
"246","ARR-B","FUM_mitochondrion",1
"247","BBR/BPC","FUM_mitochondrion",1
"248","bHLH","FUM_mitochondrion",1
"249","bZIP","FUM_mitochondrion",1
"250","BZR","FUM_mitochondrion",1
"251","C2C2-CO-like","FUM_mitochondrion",1
"252","C2C2-Dof","FUM_mitochondrion",1
"253","C2C2-Gata","FUM_mitochondrion",1
"254","C2C2-YABBY","FUM_mitochondrion",1
"255","C2H2","FUM_mitochondrion",1
"256","C3H","FUM_mitochondrion",0.835441219942436
"257","CAMTA","FUM_mitochondrion",1
"258","CCAAT-DR1","FUM_mitochondrion",1
"259","CCAAT-HAP2","FUM_mitochondrion",1
"260","CCAAT-HAP3","FUM_mitochondrion",1
"261","CCAAT-HAP5","FUM_mitochondrion",1
"262","CPP","FUM_mitochondrion",1
"263","E2F-DP","FUM_mitochondrion",1
"264","EIL","FUM_mitochondrion",1
"265","G2-like","FUM_mitochondrion",1
"266","GeBP","FUM_mitochondrion",1
"267","GRAS","FUM_mitochondrion",1
"268","GRF","FUM_mitochondrion",1
"269","Homeobox","FUM_mitochondrion",1
"270","HSF","FUM_mitochondrion",1
"271","LBD","FUM_mitochondrion",0.0283670678968581
"272","MADS","FUM_mitochondrion",1
"273","MYB","FUM_mitochondrion",1
"274","MYB-related","FUM_mitochondrion",1
"275","NAC","FUM_mitochondrion",1
"276","NLP","FUM_mitochondrion",1
"277","PHD","FUM_mitochondrion",1
"278","RAV","FUM_mitochondrion",1
"279","REM","FUM_mitochondrion",1
"280","SBP","FUM_mitochondrion",1
"281","TCP","FUM_mitochondrion",1
"282","Trihelix","FUM_mitochondrion",1
"283","TUB","FUM_mitochondrion",1
"284","VOZ","FUM_mitochondrion",1
"285","Whirly","FUM_mitochondrion",1
"286","WRKY","FUM_mitochondrion",1
"287","ZF-HD","FUM_mitochondrion",1
"288","ZIM","FUM_mitochondrion",1
"289","ABI3VP1","ICDH_cytosol",1
"290","Alfin-like","ICDH_cytosol",1
"291","AP2-EREBP","ICDH_cytosol",1
"292","ARF","ICDH_cytosol",1
"293","ARID","ICDH_cytosol",0.041326284422264
"294","ARR-B","ICDH_cytosol",1
"295","BBR/BPC","ICDH_cytosol",1
"296","bHLH","ICDH_cytosol",1
"297","bZIP","ICDH_cytosol",1
"298","BZR","ICDH_cytosol",1
"299","C2C2-CO-like","ICDH_cytosol",1
"300","C2C2-Dof","ICDH_cytosol",1
"301","C2C2-Gata","ICDH_cytosol",0.0148359904948142
"302","C2C2-YABBY","ICDH_cytosol",1
"303","C2H2","ICDH_cytosol",1
"304","C3H","ICDH_cytosol",1
"305","CAMTA","ICDH_cytosol",1
"306","CCAAT-DR1","ICDH_cytosol",1
"307","CCAAT-HAP2","ICDH_cytosol",1
"308","CCAAT-HAP3","ICDH_cytosol",1
"309","CCAAT-HAP5","ICDH_cytosol",1
"310","CPP","ICDH_cytosol",1
"311","E2F-DP","ICDH_cytosol",1
"312","EIL","ICDH_cytosol",1
"313","G2-like","ICDH_cytosol",1
"314","GeBP","ICDH_cytosol",0.0268881431809916
"315","GRAS","ICDH_cytosol",1
"316","GRF","ICDH_cytosol",1
"317","Homeobox","ICDH_cytosol",1
"318","HSF","ICDH_cytosol",1
"319","LBD","ICDH_cytosol",1
"320","MADS","ICDH_cytosol",1
"321","MYB","ICDH_cytosol",0.000943521982799554
"322","MYB-related","ICDH_cytosol",1
"323","NAC","ICDH_cytosol",1
"324","NLP","ICDH_cytosol",1
"325","PHD","ICDH_cytosol",1
"326","RAV","ICDH_cytosol",1
"327","REM","ICDH_cytosol",1
"328","SBP","ICDH_cytosol",1
"329","TCP","ICDH_cytosol",1
"330","Trihelix","ICDH_cytosol",0.0842776476778941
"331","TUB","ICDH_cytosol",1
"332","VOZ","ICDH_cytosol",1
"333","Whirly","ICDH_cytosol",1
"334","WRKY","ICDH_cytosol",1
"335","ZF-HD","ICDH_cytosol",1
"336","ZIM","ICDH_cytosol",1
"337","ABI3VP1","ICDH_mitochondrion",1
"338","Alfin-like","ICDH_mitochondrion",1
"339","AP2-EREBP","ICDH_mitochondrion",1
"340","ARF","ICDH_mitochondrion",1
"341","ARID","ICDH_mitochondrion",1
"342","ARR-B","ICDH_mitochondrion",1
"343","BBR/BPC","ICDH_mitochondrion",0.0916771179176682
"344","bHLH","ICDH_mitochondrion",1
"345","bZIP","ICDH_mitochondrion",1
"346","BZR","ICDH_mitochondrion",1
"347","C2C2-CO-like","ICDH_mitochondrion",1
"348","C2C2-Dof","ICDH_mitochondrion",0.514440960207724
"349","C2C2-Gata","ICDH_mitochondrion",1
"350","C2C2-YABBY","ICDH_mitochondrion",1
"351","C2H2","ICDH_mitochondrion",1
"352","C3H","ICDH_mitochondrion",1
"353","CAMTA","ICDH_mitochondrion",1
"354","CCAAT-DR1","ICDH_mitochondrion",1
"355","CCAAT-HAP2","ICDH_mitochondrion",1
"356","CCAAT-HAP3","ICDH_mitochondrion",1
"357","CCAAT-HAP5","ICDH_mitochondrion",1
"358","CPP","ICDH_mitochondrion",1
"359","E2F-DP","ICDH_mitochondrion",1
"360","EIL","ICDH_mitochondrion",1
"361","G2-like","ICDH_mitochondrion",1
"362","GeBP","ICDH_mitochondrion",1
"363","GRAS","ICDH_mitochondrion",1
"364","GRF","ICDH_mitochondrion",1
"365","Homeobox","ICDH_mitochondrion",1
"366","HSF","ICDH_mitochondrion",1
"367","LBD","ICDH_mitochondrion",0.402481911082067
"368","MADS","ICDH_mitochondrion",1
"369","MYB","ICDH_mitochondrion",1
"370","MYB-related","ICDH_mitochondrion",1
"371","NAC","ICDH_mitochondrion",1
"372","NLP","ICDH_mitochondrion",1
"373","PHD","ICDH_mitochondrion",1
"374","RAV","ICDH_mitochondrion",1
"375","REM","ICDH_mitochondrion",1
"376","SBP","ICDH_mitochondrion",1
"377","TCP","ICDH_mitochondrion",1
"378","Trihelix","ICDH_mitochondrion",0.0362841420365809
"379","TUB","ICDH_mitochondrion",1
"380","VOZ","ICDH_mitochondrion",1
"381","Whirly","ICDH_mitochondrion",1
"382","WRKY","ICDH_mitochondrion",0.0996402456115153
"383","ZF-HD","ICDH_mitochondrion",1
"384","ZIM","ICDH_mitochondrion",1
"385","ABI3VP1","ICDH_peroxisome",1
"386","Alfin-like","ICDH_peroxisome",1
"387","AP2-EREBP","ICDH_peroxisome",0.00329454157498861
"388","ARF","ICDH_peroxisome",1
"389","ARID","ICDH_peroxisome",0.289840804332761
"390","ARR-B","ICDH_peroxisome",1
"391","BBR/BPC","ICDH_peroxisome",1
"392","bHLH","ICDH_peroxisome",1
"393","bZIP","ICDH_peroxisome",1
"394","BZR","ICDH_peroxisome",1
"395","C2C2-CO-like","ICDH_peroxisome",1
"396","C2C2-Dof","ICDH_peroxisome",1
"397","C2C2-Gata","ICDH_peroxisome",1
"398","C2C2-YABBY","ICDH_peroxisome",1
"399","C2H2","ICDH_peroxisome",1
"400","C3H","ICDH_peroxisome",1
"401","CAMTA","ICDH_peroxisome",1
"402","CCAAT-DR1","ICDH_peroxisome",1
"403","CCAAT-HAP2","ICDH_peroxisome",1
"404","CCAAT-HAP3","ICDH_peroxisome",1
"405","CCAAT-HAP5","ICDH_peroxisome",1
"406","CPP","ICDH_peroxisome",1
"407","E2F-DP","ICDH_peroxisome",1
"408","EIL","ICDH_peroxisome",1
"409","G2-like","ICDH_peroxisome",1
"410","GeBP","ICDH_peroxisome",0.00260494523997618
"411","GRAS","ICDH_peroxisome",1
"412","GRF","ICDH_peroxisome",1
"413","Homeobox","ICDH_peroxisome",1
"414","HSF","ICDH_peroxisome",1
"415","LBD","ICDH_peroxisome",1
"416","MADS","ICDH_peroxisome",1
"417","MYB","ICDH_peroxisome",1
"418","MYB-related","ICDH_peroxisome",1
"419","NAC","ICDH_peroxisome",1
"420","NLP","ICDH_peroxisome",1
"421","PHD","ICDH_peroxisome",1
"422","RAV","ICDH_peroxisome",1
"423","REM","ICDH_peroxisome",1
"424","SBP","ICDH_peroxisome",1
"425","TCP","ICDH_peroxisome",1
"426","Trihelix","ICDH_peroxisome",0.366913969930569
"427","TUB","ICDH_peroxisome",1
"428","VOZ","ICDH_peroxisome",1
"429","Whirly","ICDH_peroxisome",1
"430","WRKY","ICDH_peroxisome",1
"431","ZF-HD","ICDH_peroxisome",1
"432","ZIM","ICDH_peroxisome",1
"433","ABI3VP1","MDH_cytosol",1
"434","Alfin-like","MDH_cytosol",1
"435","AP2-EREBP","MDH_cytosol",0.0094738658675872
"436","ARF","MDH_cytosol",1
"437","ARID","MDH_cytosol",1
"438","ARR-B","MDH_cytosol",1
"439","BBR/BPC","MDH_cytosol",1
"440","bHLH","MDH_cytosol",1
"441","bZIP","MDH_cytosol",1
"442","BZR","MDH_cytosol",1
"443","C2C2-CO-like","MDH_cytosol",1
"444","C2C2-Dof","MDH_cytosol",1
"445","C2C2-Gata","MDH_cytosol",6.19899471684069e-07
"446","C2C2-YABBY","MDH_cytosol",1
"447","C2H2","MDH_cytosol",1
"448","C3H","MDH_cytosol",1
"449","CAMTA","MDH_cytosol",1
"450","CCAAT-DR1","MDH_cytosol",1
"451","CCAAT-HAP2","MDH_cytosol",1
"452","CCAAT-HAP3","MDH_cytosol",1
"453","CCAAT-HAP5","MDH_cytosol",1
"454","CPP","MDH_cytosol",1
"455","E2F-DP","MDH_cytosol",1
"456","EIL","MDH_cytosol",1
"457","G2-like","MDH_cytosol",4.53638073772626e-05
"458","GeBP","MDH_cytosol",0.000423463888419127
"459","GRAS","MDH_cytosol",1
"460","GRF","MDH_cytosol",1
"461","Homeobox","MDH_cytosol",1
"462","HSF","MDH_cytosol",1
"463","LBD","MDH_cytosol",1
"464","MADS","MDH_cytosol",1
"465","MYB","MDH_cytosol",1
"466","MYB-related","MDH_cytosol",1
"467","NAC","MDH_cytosol",1
"468","NLP","MDH_cytosol",1
"469","PHD","MDH_cytosol",1
"470","RAV","MDH_cytosol",1
"471","REM","MDH_cytosol",1
"472","SBP","MDH_cytosol",1
"473","TCP","MDH_cytosol",1
"474","Trihelix","MDH_cytosol",0.0520859376929458
"475","TUB","MDH_cytosol",1
"476","VOZ","MDH_cytosol",1
"477","Whirly","MDH_cytosol",1
"478","WRKY","MDH_cytosol",1
"479","ZF-HD","MDH_cytosol",0.54103476268134
"480","ZIM","MDH_cytosol",1
"481","ABI3VP1","MDH_mitochondrion",1
"482","Alfin-like","MDH_mitochondrion",1
"483","AP2-EREBP","MDH_mitochondrion",1
"484","ARF","MDH_mitochondrion",1
"485","ARID","MDH_mitochondrion",0.277252710465222
"486","ARR-B","MDH_mitochondrion",1
"487","BBR/BPC","MDH_mitochondrion",0.0203167843033857
"488","bHLH","MDH_mitochondrion",1
"489","bZIP","MDH_mitochondrion",1
"490","BZR","MDH_mitochondrion",1
"491","C2C2-CO-like","MDH_mitochondrion",1
"492","C2C2-Dof","MDH_mitochondrion",1
"493","C2C2-Gata","MDH_mitochondrion",1
"494","C2C2-YABBY","MDH_mitochondrion",1
"495","C2H2","MDH_mitochondrion",1
"496","C3H","MDH_mitochondrion",1
"497","CAMTA","MDH_mitochondrion",1
"498","CCAAT-DR1","MDH_mitochondrion",1
"499","CCAAT-HAP2","MDH_mitochondrion",1
"500","CCAAT-HAP3","MDH_mitochondrion",1
"501","CCAAT-HAP5","MDH_mitochondrion",1
"502","CPP","MDH_mitochondrion",1
"503","E2F-DP","MDH_mitochondrion",1
"504","EIL","MDH_mitochondrion",1
"505","G2-like","MDH_mitochondrion",1
"506","GeBP","MDH_mitochondrion",0.000980288826429559
"507","GRAS","MDH_mitochondrion",1
"508","GRF","MDH_mitochondrion",1
"509","Homeobox","MDH_mitochondrion",1
"510","HSF","MDH_mitochondrion",1
"511","LBD","MDH_mitochondrion",0.0531086226045332
"512","MADS","MDH_mitochondrion",1
"513","MYB","MDH_mitochondrion",1
"514","MYB-related","MDH_mitochondrion",1
"515","NAC","MDH_mitochondrion",1
"516","NLP","MDH_mitochondrion",1
"517","PHD","MDH_mitochondrion",1
"518","RAV","MDH_mitochondrion",1
"519","REM","MDH_mitochondrion",1
"520","SBP","MDH_mitochondrion",1
"521","TCP","MDH_mitochondrion",1
"522","Trihelix","MDH_mitochondrion",0.000287369304152518
"523","TUB","MDH_mitochondrion",1
"524","VOZ","MDH_mitochondrion",1
"525","Whirly","MDH_mitochondrion",1
"526","WRKY","MDH_mitochondrion",1
"527","ZF-HD","MDH_mitochondrion",0.0621942940700716
"528","ZIM","MDH_mitochondrion",1
"529","ABI3VP1","MDH_peroxisome",1
"530","Alfin-like","MDH_peroxisome",1
"531","AP2-EREBP","MDH_peroxisome",1
"532","ARF","MDH_peroxisome",1
"533","ARID","MDH_peroxisome",1
"534","ARR-B","MDH_peroxisome",1
"535","BBR/BPC","MDH_peroxisome",1
"536","bHLH","MDH_peroxisome",1
"537","bZIP","MDH_peroxisome",1
"538","BZR","MDH_peroxisome",1
"539","C2C2-CO-like","MDH_peroxisome",1
"540","C2C2-Dof","MDH_peroxisome",1
"541","C2C2-Gata","MDH_peroxisome",1
"542","C2C2-YABBY","MDH_peroxisome",1
"543","C2H2","MDH_peroxisome",1
"544","C3H","MDH_peroxisome",1
"545","CAMTA","MDH_peroxisome",1
"546","CCAAT-DR1","MDH_peroxisome",1
"547","CCAAT-HAP2","MDH_peroxisome",1
"548","CCAAT-HAP3","MDH_peroxisome",1
"549","CCAAT-HAP5","MDH_peroxisome",1
"550","CPP","MDH_peroxisome",1
"551","E2F-DP","MDH_peroxisome",1
"552","EIL","MDH_peroxisome",1
"553","G2-like","MDH_peroxisome",1
"554","GeBP","MDH_peroxisome",0.00594508782659134
"555","GRAS","MDH_peroxisome",1
"556","GRF","MDH_peroxisome",1
"557","Homeobox","MDH_peroxisome",1
"558","HSF","MDH_peroxisome",1
"559","LBD","MDH_peroxisome",0.216227439346274
"560","MADS","MDH_peroxisome",1
"561","MYB","MDH_peroxisome",1
"562","MYB-related","MDH_peroxisome",1
"563","NAC","MDH_peroxisome",1
"564","NLP","MDH_peroxisome",1
"565","PHD","MDH_peroxisome",1
"566","RAV","MDH_peroxisome",1
"567","REM","MDH_peroxisome",1
"568","SBP","MDH_peroxisome",0.868626581490204
"569","TCP","MDH_peroxisome",1
"570","Trihelix","MDH_peroxisome",0.187468879513786
"571","TUB","MDH_peroxisome",1
"572","VOZ","MDH_peroxisome",1
"573","Whirly","MDH_peroxisome",1
"574","WRKY","MDH_peroxisome",1.22269249235132e-06
"575","ZF-HD","MDH_peroxisome",0.0503134832581483
"576","ZIM","MDH_peroxisome",1
"577","ABI3VP1","MDH_plastid",1
"578","Alfin-like","MDH_plastid",1
"579","AP2-EREBP","MDH_plastid",0.0127346868005761
"580","ARF","MDH_plastid",1
"581","ARID","MDH_plastid",0.693850866923172
"582","ARR-B","MDH_plastid",1
"583","BBR/BPC","MDH_plastid",1
"584","bHLH","MDH_plastid",1
"585","bZIP","MDH_plastid",1
"586","BZR","MDH_plastid",1
"587","C2C2-CO-like","MDH_plastid",1
"588","C2C2-Dof","MDH_plastid",1
"589","C2C2-Gata","MDH_plastid",1
"590","C2C2-YABBY","MDH_plastid",1
"591","C2H2","MDH_plastid",1
"592","C3H","MDH_plastid",1
"593","CAMTA","MDH_plastid",1
"594","CCAAT-DR1","MDH_plastid",1
"595","CCAAT-HAP2","MDH_plastid",1
"596","CCAAT-HAP3","MDH_plastid",1
"597","CCAAT-HAP5","MDH_plastid",1
"598","CPP","MDH_plastid",1
"599","E2F-DP","MDH_plastid",1
"600","EIL","MDH_plastid",1
"601","G2-like","MDH_plastid",1
"602","GeBP","MDH_plastid",0.00229099426091383
"603","GRAS","MDH_plastid",1
"604","GRF","MDH_plastid",1
"605","Homeobox","MDH_plastid",1
"606","HSF","MDH_plastid",1
"607","LBD","MDH_plastid",1
"608","MADS","MDH_plastid",1
"609","MYB","MDH_plastid",1
"610","MYB-related","MDH_plastid",1
"611","NAC","MDH_plastid",1
"612","NLP","MDH_plastid",1
"613","PHD","MDH_plastid",1
"614","RAV","MDH_plastid",1
"615","REM","MDH_plastid",1
"616","SBP","MDH_plastid",1
"617","TCP","MDH_plastid",1
"618","Trihelix","MDH_plastid",0.000126652744247267
"619","TUB","MDH_plastid",1
"620","VOZ","MDH_plastid",1
"621","Whirly","MDH_plastid",1
"622","WRKY","MDH_plastid",1
"623","ZF-HD","MDH_plastid",1
"624","ZIM","MDH_plastid",1
"625","ABI3VP1","OGDH_mitochondrion",1
"626","Alfin-like","OGDH_mitochondrion",1
"627","AP2-EREBP","OGDH_mitochondrion",5.67012237471078e-10
"628","ARF","OGDH_mitochondrion",1
"629","ARID","OGDH_mitochondrion",1
"630","ARR-B","OGDH_mitochondrion",1
"631","BBR/BPC","OGDH_mitochondrion",0.270319531033443
"632","bHLH","OGDH_mitochondrion",1
"633","bZIP","OGDH_mitochondrion",1
"634","BZR","OGDH_mitochondrion",1
"635","C2C2-CO-like","OGDH_mitochondrion",1
"636","C2C2-Dof","OGDH_mitochondrion",1
"637","C2C2-Gata","OGDH_mitochondrion",1
"638","C2C2-YABBY","OGDH_mitochondrion",1
"639","C2H2","OGDH_mitochondrion",1
"640","C3H","OGDH_mitochondrion",1
"641","CAMTA","OGDH_mitochondrion",1
"642","CCAAT-DR1","OGDH_mitochondrion",1
"643","CCAAT-HAP2","OGDH_mitochondrion",1
"644","CCAAT-HAP3","OGDH_mitochondrion",1
"645","CCAAT-HAP5","OGDH_mitochondrion",1
"646","CPP","OGDH_mitochondrion",1
"647","E2F-DP","OGDH_mitochondrion",1
"648","EIL","OGDH_mitochondrion",1
"649","G2-like","OGDH_mitochondrion",1
"650","GeBP","OGDH_mitochondrion",0.00753523969067345
"651","GRAS","OGDH_mitochondrion",1
"652","GRF","OGDH_mitochondrion",1
"653","Homeobox","OGDH_mitochondrion",1
"654","HSF","OGDH_mitochondrion",1
"655","LBD","OGDH_mitochondrion",0.26393454463245
"656","MADS","OGDH_mitochondrion",1
"657","MYB","OGDH_mitochondrion",1
"658","MYB-related","OGDH_mitochondrion",1
"659","NAC","OGDH_mitochondrion",1
"660","NLP","OGDH_mitochondrion",1
"661","PHD","OGDH_mitochondrion",1
"662","RAV","OGDH_mitochondrion",0.00658503397287004
"663","REM","OGDH_mitochondrion",1
"664","SBP","OGDH_mitochondrion",1
"665","TCP","OGDH_mitochondrion",1
"666","Trihelix","OGDH_mitochondrion",0.000265248125342005
"667","TUB","OGDH_mitochondrion",1
"668","VOZ","OGDH_mitochondrion",1
"669","Whirly","OGDH_mitochondrion",1
"670","WRKY","OGDH_mitochondrion",1
"671","ZF-HD","OGDH_mitochondrion",1
"672","ZIM","OGDH_mitochondrion",1
"673","ABI3VP1","PDH_mitochondrion",1
"674","Alfin-like","PDH_mitochondrion",1
"675","AP2-EREBP","PDH_mitochondrion",1
"676","ARF","PDH_mitochondrion",1
"677","ARID","PDH_mitochondrion",1
"678","ARR-B","PDH_mitochondrion",1
"679","BBR/BPC","PDH_mitochondrion",1
"680","bHLH","PDH_mitochondrion",1
"681","bZIP","PDH_mitochondrion",1
"682","BZR","PDH_mitochondrion",1
"683","C2C2-CO-like","PDH_mitochondrion",1
"684","C2C2-Dof","PDH_mitochondrion",0.166989739478071
"685","C2C2-Gata","PDH_mitochondrion",0.437408168140999
"686","C2C2-YABBY","PDH_mitochondrion",1
"687","C2H2","PDH_mitochondrion",1
"688","C3H","PDH_mitochondrion",1
"689","CAMTA","PDH_mitochondrion",1
"690","CCAAT-DR1","PDH_mitochondrion",1
"691","CCAAT-HAP2","PDH_mitochondrion",1
"692","CCAAT-HAP3","PDH_mitochondrion",1
"693","CCAAT-HAP5","PDH_mitochondrion",1
"694","CPP","PDH_mitochondrion",1
"695","E2F-DP","PDH_mitochondrion",1
"696","EIL","PDH_mitochondrion",1
"697","G2-like","PDH_mitochondrion",1.72460134044472e-05
"698","GeBP","PDH_mitochondrion",1
"699","GRAS","PDH_mitochondrion",1
"700","GRF","PDH_mitochondrion",1
"701","Homeobox","PDH_mitochondrion",1
"702","HSF","PDH_mitochondrion",1
"703","LBD","PDH_mitochondrion",0.00818383351629273
"704","MADS","PDH_mitochondrion",1
"705","MYB","PDH_mitochondrion",1
"706","MYB-related","PDH_mitochondrion",1
"707","NAC","PDH_mitochondrion",1
"708","NLP","PDH_mitochondrion",1
"709","PHD","PDH_mitochondrion",1
"710","RAV","PDH_mitochondrion",1
"711","REM","PDH_mitochondrion",1
"712","SBP","PDH_mitochondrion",1
"713","TCP","PDH_mitochondrion",1
"714","Trihelix","PDH_mitochondrion",0.688692737760887
"715","TUB","PDH_mitochondrion",1
"716","VOZ","PDH_mitochondrion",1
"717","Whirly","PDH_mitochondrion",1
"718","WRKY","PDH_mitochondrion",1
"719","ZF-HD","PDH_mitochondrion",1
"720","ZIM","PDH_mitochondrion",1
"721","ABI3VP1","PDH_plastid",1
"722","Alfin-like","PDH_plastid",1
"723","AP2-EREBP","PDH_plastid",1
"724","ARF","PDH_plastid",1
"725","ARID","PDH_plastid",0.801169017027881
"726","ARR-B","PDH_plastid",1
"727","BBR/BPC","PDH_plastid",0.07431295078395
"728","bHLH","PDH_plastid",0.199664028993735
"729","bZIP","PDH_plastid",0.00267902568631283
"730","BZR","PDH_plastid",0.205894901490742
"731","C2C2-CO-like","PDH_plastid",1
"732","C2C2-Dof","PDH_plastid",1
"733","C2C2-Gata","PDH_plastid",1
"734","C2C2-YABBY","PDH_plastid",1
"735","C2H2","PDH_plastid",1
"736","C3H","PDH_plastid",1
"737","CAMTA","PDH_plastid",1
"738","CCAAT-DR1","PDH_plastid",1
"739","CCAAT-HAP2","PDH_plastid",1
"740","CCAAT-HAP3","PDH_plastid",1
"741","CCAAT-HAP5","PDH_plastid",1
"742","CPP","PDH_plastid",1
"743","E2F-DP","PDH_plastid",1
"744","EIL","PDH_plastid",1
"745","G2-like","PDH_plastid",1
"746","GeBP","PDH_plastid",0.209386326831591
"747","GRAS","PDH_plastid",1
"748","GRF","PDH_plastid",0.574635463249437
"749","Homeobox","PDH_plastid",1
"750","HSF","PDH_plastid",1
"751","LBD","PDH_plastid",0.774133738966094
"752","MADS","PDH_plastid",1
"753","MYB","PDH_plastid",0.807092884467715
"754","MYB-related","PDH_plastid",1
"755","NAC","PDH_plastid",1
"756","NLP","PDH_plastid",1
"757","PHD","PDH_plastid",1
"758","RAV","PDH_plastid",1
"759","REM","PDH_plastid",1
"760","SBP","PDH_plastid",1
"761","TCP","PDH_plastid",1
"762","Trihelix","PDH_plastid",0.205894901490742
"763","TUB","PDH_plastid",1
"764","VOZ","PDH_plastid",1
"765","Whirly","PDH_plastid",1
"766","WRKY","PDH_plastid",1
"767","ZF-HD","PDH_plastid",1
"768","ZIM","PDH_plastid",1
"769","ABI3VP1","SCL_mitochondrion",1
"770","Alfin-like","SCL_mitochondrion",1
"771","AP2-EREBP","SCL_mitochondrion",1
"772","ARF","SCL_mitochondrion",1
"773","ARID","SCL_mitochondrion",1
"774","ARR-B","SCL_mitochondrion",1
"775","BBR/BPC","SCL_mitochondrion",1
"776","bHLH","SCL_mitochondrion",1
"777","bZIP","SCL_mitochondrion",1
"778","BZR","SCL_mitochondrion",1
"779","C2C2-CO-like","SCL_mitochondrion",1
"780","C2C2-Dof","SCL_mitochondrion",1
"781","C2C2-Gata","SCL_mitochondrion",1
"782","C2C2-YABBY","SCL_mitochondrion",1
"783","C2H2","SCL_mitochondrion",1
"784","C3H","SCL_mitochondrion",0.269900793393579
"785","CAMTA","SCL_mitochondrion",1
"786","CCAAT-DR1","SCL_mitochondrion",1
"787","CCAAT-HAP2","SCL_mitochondrion",1
"788","CCAAT-HAP3","SCL_mitochondrion",1
"789","CCAAT-HAP5","SCL_mitochondrion",1
"790","CPP","SCL_mitochondrion",1
"791","E2F-DP","SCL_mitochondrion",1
"792","EIL","SCL_mitochondrion",1
"793","G2-like","SCL_mitochondrion",1
"794","GeBP","SCL_mitochondrion",1
"795","GRAS","SCL_mitochondrion",1
"796","GRF","SCL_mitochondrion",1
"797","Homeobox","SCL_mitochondrion",1
"798","HSF","SCL_mitochondrion",1
"799","LBD","SCL_mitochondrion",0.00514161329369048
"800","MADS","SCL_mitochondrion",1
"801","MYB","SCL_mitochondrion",1
"802","MYB-related","SCL_mitochondrion",1
"803","NAC","SCL_mitochondrion",1
"804","NLP","SCL_mitochondrion",1
"805","PHD","SCL_mitochondrion",0.812889812889812
"806","RAV","SCL_mitochondrion",1
"807","REM","SCL_mitochondrion",1
"808","SBP","SCL_mitochondrion",1
"809","TCP","SCL_mitochondrion",1
"810","Trihelix","SCL_mitochondrion",1
"811","TUB","SCL_mitochondrion",1
"812","VOZ","SCL_mitochondrion",1
"813","Whirly","SCL_mitochondrion",1
"814","WRKY","SCL_mitochondrion",1
"815","ZF-HD","SCL_mitochondrion",1
"816","ZIM","SCL_mitochondrion",1
"817","ABI3VP1","SDH_mitochondrion",1
"818","Alfin-like","SDH_mitochondrion",1
"819","AP2-EREBP","SDH_mitochondrion",1
"820","ARF","SDH_mitochondrion",1
"821","ARID","SDH_mitochondrion",1
"822","ARR-B","SDH_mitochondrion",1
"823","BBR/BPC","SDH_mitochondrion",0.154055441273385
"824","bHLH","SDH_mitochondrion",1
"825","bZIP","SDH_mitochondrion",0.0251401655412838
"826","BZR","SDH_mitochondrion",0.389607598867249
"827","C2C2-CO-like","SDH_mitochondrion",1
"828","C2C2-Dof","SDH_mitochondrion",1
"829","C2C2-Gata","SDH_mitochondrion",1
"830","C2C2-YABBY","SDH_mitochondrion",1
"831","C2H2","SDH_mitochondrion",1
"832","C3H","SDH_mitochondrion",1
"833","CAMTA","SDH_mitochondrion",1
"834","CCAAT-DR1","SDH_mitochondrion",1
"835","CCAAT-HAP2","SDH_mitochondrion",1
"836","CCAAT-HAP3","SDH_mitochondrion",1
"837","CCAAT-HAP5","SDH_mitochondrion",1
"838","CPP","SDH_mitochondrion",1
"839","E2F-DP","SDH_mitochondrion",1
"840","EIL","SDH_mitochondrion",1
"841","G2-like","SDH_mitochondrion",1
"842","GeBP","SDH_mitochondrion",1
"843","GRAS","SDH_mitochondrion",1
"844","GRF","SDH_mitochondrion",1
"845","Homeobox","SDH_mitochondrion",0.0222469106448141
"846","HSF","SDH_mitochondrion",1
"847","LBD","SDH_mitochondrion",1
"848","MADS","SDH_mitochondrion",1
"849","MYB","SDH_mitochondrion",1
"850","MYB-related","SDH_mitochondrion",1
"851","NAC","SDH_mitochondrion",1
"852","NLP","SDH_mitochondrion",1
"853","PHD","SDH_mitochondrion",1
"854","RAV","SDH_mitochondrion",1
"855","REM","SDH_mitochondrion",1
"856","SBP","SDH_mitochondrion",1
"857","TCP","SDH_mitochondrion",1
"858","Trihelix","SDH_mitochondrion",0.522961338641867
"859","TUB","SDH_mitochondrion",1
"860","VOZ","SDH_mitochondrion",1
"861","Whirly","SDH_mitochondrion",1
"862","WRKY","SDH_mitochondrion",1
"863","ZF-HD","SDH_mitochondrion",0.0044590452812728
"864","ZIM","SDH_mitochondrion",1
